{
  "r": 0.900114194,
  "lambda": 1.012135537,
  "epoch": 20,
  "n": 92
}
